{"train_loss":0.7828331589698792,"learning_rate":1e-05,"_timestamp":1.750144244083088e+09,"_runtime":16.905706,"_step":7,"_wandb":{"runtime":19}}