{"transparency_auc":0.5625,"train_loss_avg":0.7507983446121216,"societal_impact_avg_precision":0.6458333333333334,"bias_fairness_auc":0.5,"dual_use_f1":0.6086956521739131,"dual_use_auc":0.5,"bias_fairness_avg_precision":0.625,"train_loss":0.7551959156990051,"transparency_f1":0.6666666666666666,"epoch":19,"_wandb":{"runtime":427},"transparency_avg_precision":0.6875,"safety_security_f1":0.72,"_timestamp":1.750144788237086e+09,"_runtime":424.850228,"privacy_data_auc":0.5346320346320346,"privacy_data_avg_precision":0.78125,"societal_impact_f1":0.6666666666666666,"privacy_data_f1":0.7924528301886793,"bias_fairness_f1":0.6086956521739131,"safety_security_auc":0.5,"societal_impact_auc":0.4375,"learning_rate":0,"_step":179,"dual_use_avg_precision":0.625,"val_loss":0.7512929439544678,"safety_security_avg_precision":0.7083333333333334}