{"transparency_auc":0.3125,"bias_fairness_avg_precision":0.6666666666666666,"societal_impact_avg_precision":0.53125,"_runtime":400.323755,"safety_security_avg_precision":0.65625,"privacy_data_avg_precision":0.8229166666666666,"_timestamp":1.750145651749023e+09,"_step":179,"safety_security_f1":0.7450980392156863,"dual_use_avg_precision":0.5729166666666666,"bias_fairness_auc":0.37301587301587297,"privacy_data_auc":0.5386473429951691,"transparency_avg_precision":0.6041666666666666,"dual_use_f1":0.5777777777777777,"societal_impact_f1":0.43902439024390244,"dual_use_auc":0.40283400809716596,"train_loss":0.7563177943229675,"safety_security_auc":0.2732793522267206,"epoch":19,"privacy_data_f1":0.8363636363636363,"bias_fairness_f1":0.72,"_wandb":{"runtime":406},"val_loss":0.7404544651508331,"transparency_f1":0.6666666666666666,"learning_rate":0,"societal_impact_auc":0.538647342995169,"train_loss_avg":0.7482793405652046}